NetlID,Lib,SynClk,SimClk,Area,Delay,Power,ErrorRate,MRE,MED,NMED,MinError,MaxError,ErrorRange,Variance
-1,variability14,0.86,0.86,279.478317,0.86,0.001208,0.0,0.0,0.0,0.0,0.0,0.0,0.0,0.0
-1,variability14,0.86,0.86,279.478317,0.86,0.001208,0.0,0.0,0.0,0.0,0.0,0.0,0.0,0.0
0,variability14,0.86,0.86,109.46157,0.859,0.0003097,0.9888,0.9755,21080000.0,321.7,0.0,99210000.0,99210000.0,397700000000000.0
3,variability14,0.86,0.86,103.317562,0.86,0.0003302,0.9886,0.9836,21310000.0,325.1,0.0,99610000.0,99610000.0,398000000000000.0
4,variability14,0.86,0.86,85.524538,0.81,0.0002237,0.9871,0.9849,21310000.0,325.1,0.0,99610000.0,99610000.0,398000000000000.0
7,variability14,0.86,0.86,75.743262,0.511,0.0001928,0.9909,0.9894,21310000.0,325.1,0.0,99610000.0,99610000.0,398000000000000.0
11,variability14,0.86,0.86,8.6016,0.167,2.064e-05,0.9908,0.9909,21310000.0,325.1,0.0,99610000.0,99610000.0,398000000000000.0
12,variability14,0.86,0.86,2.359296,0.068,2.134e-06,1.0,1.0,21310000.0,325.1,2.0,99610000.0,99610000.0,398100000000000.0
13,variability14,0.86,0.86,2.359296,0.068,2.134e-06,1.0,1.0,21310000.0,325.1,2.0,99610000.0,99610000.0,398100000000000.0
