NetlID,Lib,SynClk,SimClk,Area,Delay,Power,ErrorRate,MRE,MED,NMED,MinError,MaxError,ErrorRange,Variance
-1,egfet,21345472.00,21342242.000,37236794.000000,21342242.000,2.512e-03,0.0,0.0,0.0,0.0,0.0,0.0,0.0,0.0
0,egfet,21345472.00,21342242.000,2394860.000000,7372929.500,1.124e-04,9.685e-01,2.059e+00,2.471e+02,8.236e+01,0.000e+00,8.320e+02,8.320e+02,5.321e+04
1,egfet,21345472.00,21342242.000,2166440.000000,6067773.500,1.006e-04,1.000e+00,4.195e+00,4.690e+02,1.563e+02,4.000e+00,1.000e+03,9.960e+02,9.542e+04
2,egfet,21345472.00,21342242.000,0.000000,0.0,0.0,NaN,NaN,NaN,NaN,NaN,NaN,NaN,NaN
3,egfet,21345472.00,21342242.000,0.000000,0.0,0.0,NaN,NaN,NaN,NaN,NaN,NaN,NaN,NaN
4,egfet,21345472.00,21342242.000,0.000000,0.0,0.0,NaN,NaN,NaN,NaN,NaN,NaN,NaN,NaN
