NetlID,Lib,SynClk,SimClk,Area,Delay,Power,ErrorRate,MRE,MED,NMED,MinError,MaxError,ErrorRange,Variance
-1,egfet,35597480.01,34656688.000,62595025.000000,34656688.000,3.802e-03,0.0,0.0,0.0,0.0,0.0,0.0,0.0,0.0
0,egfet,35597480.01,34656688.000,2445310.000000,5091522.000,1.228e-04,9.840e-01,7.673e-01,8.041e+02,2.680e+02,0.000e+00,3.992e+03,3.992e+03,1.483e+06
1,egfet,35597480.01,34656688.000,2445310.000000,5091522.000,1.228e-04,1.000e+00,7.969e-01,8.206e+02,2.735e+02,1.000e+01,4.024e+03,4.014e+03,1.501e+06
2,egfet,35597480.01,34656688.000,1732120.000000,2634408.750,9.263e-05,1.000e+00,5.942e-01,6.881e+02,2.294e+02,8.000e+00,3.726e+03,3.718e+03,1.015e+06
3,egfet,35597480.01,34656688.000,627920.000000,1205773.750,4.209e-05,1.000e+00,6.212e-01,6.841e+02,2.280e+02,6.000e+00,3.598e+03,3.592e+03,9.795e+05
4,egfet,35597480.01,34656688.000,627920.000000,1205773.750,4.209e-05,1.000e+00,9.760e-01,7.568e+02,2.523e+02,8.000e+00,3.318e+03,3.310e+03,6.805e+05
5,egfet,35597480.01,34656688.000,433500.000000,2235340.000,3.821e-05,1.000e+00,9.609e-01,1.115e+03,3.717e+02,1.200e+01,3.740e+03,3.728e+03,1.402e+06
