CircuitName,Library,Synclk,Simclk,Area,Delay,Power,MED
mul8u_18UH,asap7,0,196.450,8.001504,196.450,1.045e-08,0.000e+00
mul8u_18UH,variability14,0,0.195,33.619969,0.195,5.128e-05,0.000e+00
mul8u_18UH,fdsoi28,0,0.051,175.028002,0.051,3.346e-05,0.000e+00
mul8u_18UH,nangate45,0,0.530,96.557999,0.530,2.703e-05,0.000e+00
mul8u_18UH,variability14,1.065,1.065,15.925258,0.341,2.886e-06,0.000e+00
mul8u_18UH,fdsoi28,1.43,1.43,57.456000,0.107,4.111e-07,0.000e+00
mul8u_18UH,nangate45,2.0,2.0,57.722000,0.810,4.320e-06,0.000e+00
mul8u_18UH,asap7,955,955,3.744144,349.696,2.507e-09,0.000e+00
