NetlID,Lib,SynClk,SimClk,Area,Delay,Power,ErrorRate,MRE,MED,NMED,MinError,MaxError,ErrorRange,Variance
-1,fdsoi28,0.22,0.22,1536.416011,0.22,0.002242,0.0,0.0,0.0,0.0,0.0,0.0,0.0,0.0
0,fdsoi28,0.22,0.22,842.156003,0.22,0.0009524,0.9975,0.01673,128.6,0.001962,0.0,65400.0,65400.0,4209000.0
1,fdsoi28,0.22,0.22,766.612,0.219,0.0008275,0.4413,0.01772,130.3,0.001988,0.0,65410.0,65410.0,4252000.0
2,fdsoi28,0.22,0.22,532.797997,0.22,0.0005659,0.4599,0.0172,134.5,0.002052,0.0,65410.0,65410.0,4588000.0
3,fdsoi28,0.22,0.22,463.105998,0.218,0.0004531,0.4467,0.01792,156.0,0.00238,0.0,65410.0,65410.0,5053000.0
4,fdsoi28,0.22,0.22,475.075998,0.219,0.0004285,0.9839,0.01747,150.7,0.002299,0.0,65410.0,65410.0,5019000.0
6,fdsoi28,0.22,0.22,398.201998,0.22,0.0003552,0.9991,0.01987,178.8,0.002728,0.0,65500.0,65500.0,5032000.0
10,fdsoi28,0.22,0.22,254.562001,0.212,0.0001879,0.9956,0.01991,224.3,0.003423,0.0,65500.0,65500.0,7136000.0
17,fdsoi28,0.22,0.22,203.224,0.174,0.0001508,0.7417,0.2467,10220.0,0.1559,0.0,65300.0,65300.0,240600000.0
