NetlID,Lib,SynClk,SimClk,Area,Delay,Power,ErrorRate,MRE,MED,NMED,MinError,MaxError,ErrorRange,Variance
-1,asap7,1605.0,1602.524,344.951131,1602.524,1.88e-06,0.0,0.0,0.0,0.0,0.0,0.0,0.0,0.0
4,asap7,1605.0,1602.524,172.183965,1602.137,9.108e-07,1.0,1.626,3.272,7.618e-10,0.0,11.74,11.74,9.505
7,asap7,1605.0,1602.524,155.971006,1602.327,8.08e-07,1.0,1.516,3.833,8.925e-10,0.0,13.26,13.26,9.463
10,asap7,1605.0,1602.524,142.33579,1591.48,7.332e-07,1.0,1.545,4.225,9.838e-10,0.0,15.98,15.98,8.559
11,asap7,1605.0,1602.524,133.564462,1562.342,6.77e-07,1.0,1.544,4.316,1.005e-09,1e-05,27.29,27.29,8.667
13,asap7,1605.0,1602.524,118.71619,1600.333,6.156e-07,1.0,1.049,6.772,1.577e-09,0.0,30.72,30.72,24.84
15,asap7,1605.0,1602.524,103.646302,1514.232,4.956e-07,1.0,1.493,8.836,2.057e-09,0.0,48.59,48.59,58.65
16,asap7,1605.0,1602.524,104.941006,1505.263,5.172e-07,1.0,0.8532,8.355,1.945e-09,0.0,42.99,42.99,64.35
19,asap7,1605.0,1602.524,104.812702,1342.599,5.065e-07,1.0,0.8924,8.672,2.019e-09,0.0,43.1,43.1,60.78
