CircuitName,Library,Synclk,Simclk,Area,Delay,Power,MED
add8u_6SM,asap7,0,62.592,3.055968,62.592,5.389e-08,0.000e+00
add8u_6SM,variability14,0,0.068,13.811712,0.068,3.259e-04,0.000e+00
add8u_6SM,fdsoi28,0,0.019,68.894000,0.019,2.590e-04,0.000e+00
add8u_6SM,nangate45,0,0.217,46.550000,0.217,1.809e-04,0.000e+00
