NetlID,Lib,SynClk,SimClk,Area,Delay,Power,ErrorRate,MRE,MED,NMED,MinError,MaxError,ErrorRange,Variance
-1,asap7,1176.64,1174.655,275.153756,1174.655,1.301e-06,0.0,0.0,0.0,0.0,0.0,0.0,0.0,0.0
-1,asap7,1176.64,1174.655,275.153756,1174.655,1.301e-06,0.0,0.0,0.0,0.0,0.0,0.0,0.0,0.0
-1,asap7,1176.64,1174.655,275.153756,1174.655,1.301e-06,0.0,0.0,0.0,0.0,0.0,0.0,0.0,0.0
0,asap7,1176.64,1174.655,189.306717,1174.269,9.769e-07,0.501,0.00185,42400.0,9.871e-06,0.0,33550000.0,33550000.0,91880000000.0
4,asap7,1176.64,1174.655,133.086238,1174.116,6.607e-07,0.5011,0.002499,24390.0,5.68e-06,0.0,33550000.0,33550000.0,71160000000.0
12,asap7,1176.64,1174.655,118.109662,1174.401,5.076e-07,1.0,0.04099,980500.0,0.0002283,0.0,64010000.0,64010000.0,12400000000000.0
14,asap7,1176.64,1174.655,117.351502,1175.699,5.132e-07,1.0,0.1549,3742000.0,0.0008712,0.0625,46770000.0,46770000.0,48650000000000.0
15,asap7,1176.64,1174.655,116.546686,1163.67,5.722e-07,1.0,0.2234,5926000.0,0.00138,0.125,135700000.0,135700000.0,250700000000000.0
17,asap7,1176.64,1174.655,113.105806,1169.606,5.144e-07,1.0,3.2499999999999997e+27,1.5259999999999999e+31,3.552e+21,2.0,2.5419999999999997e+36,2.5419999999999997e+36,3.116e+67
