NetlID,Lib,SynClk,SimClk,Area,Delay,Power,ErrorRate,MRE,MED,NMED,MinError,MaxError,ErrorRange,Variance
-1,fdsoi28,0.33,0.33,5899.614021,0.33,0.005108,0.0,0.0,0.0,0.0,0.0,0.0,0.0,0.0
-1,fdsoi28,0.33,0.33,5899.614021,0.33,0.005108,0.0,0.0,0.0,0.0,0.0,0.0,0.0,0.0
-1,fdsoi28,0.33,0.33,5899.614021,0.33,0.005108,0.0,0.0,0.0,0.0,0.0,0.0,0.0,0.0
0,fdsoi28,0.33,0.33,4445.657995,0.329,0.003912,0.4999,0.0001774,2085.0,4.854e-07,0.0,33550000.0,33550000.0,20730000000.0
1,fdsoi28,0.33,0.33,4196.149997,0.33,0.003324,0.4999,0.0002261,1821.0,4.239e-07,0.0,33550000.0,33550000.0,17440000000.0
2,fdsoi28,0.33,0.33,4146.673999,0.33,0.003656,0.9995,0.0004214,8000.0,1.863e-06,0.0,67060000.0,67060000.0,56700000000.0
3,fdsoi28,0.33,0.33,3534.873986,0.33,0.002783,1.0,4291000000.0,9.289e+16,21630000.0,137400000000.0,4.284e+17,4.284e+17,7.417e+33
