CircuitName,Library,Synclk,Simclk,Area,Delay,Power,MED
mul8u_1JJQ,asap7,0,361.820,32.577552,361.820,3.277e-08,0.000e+00
mul8u_1JJQ,variability14,0,0.399,162.054148,0.399,4.554e-05,0.000e+00
mul8u_1JJQ,fdsoi28,0,0.099,921.158010,0.099,2.211e-05,0.000e+00
mul8u_1JJQ,nangate45,0,1.025,567.111997,1.025,1.966e-05,0.000e+00
