NetlID,Lib,SynClk,SimClk,Area,Delay,Power,ErrorRate,MRE,MED,NMED,MinError,MaxError,ErrorRange,Variance
-1,asap7,830.53,829.072,67.417919,829.072,4.403e-07,0.0,0.0,0.0,0.0,0.0,0.0,0.0,0.0
0,asap7,830.53,829.072,17.67096,818.835,7.414e-08,0.5361,0.06671,239.1,0.003648,0.0,65400.0,65400.0,8354000.0
1,asap7,830.53,829.072,9.97272,799.984,3.995e-08,0.999,0.0771,488.6,0.007455,0.0,65280.0,65280.0,9398000.0
4,asap7,830.53,829.072,7.068384,670.229,2.688e-08,0.7143,0.08508,692.0,0.01056,0.0,65280.0,65280.0,16590000.0
11,asap7,830.53,829.072,0.851472,80.923,1.688e-09,0.9999,1.023,18730.0,0.2858,0.0,40010.0,40010.0,85720000.0
13,asap7,830.53,829.072,0.396576,55.009,9.504e-10,0.9998,1.085,19050.0,0.2907,0.0,48160.0,48160.0,90450000.0
14,asap7,830.53,829.072,0.64152,80.923,8.79e-10,0.9998,1.069,18750.0,0.2861,0.0,34860.0,34860.0,97010000.0
