NetlID,Lib,SynClk,SimClk,Area,Delay,Power,ErrorRate,MRE,MED,NMED,MinError,MaxError,ErrorRange,Variance
-1,egfet,4712829.00,4712829.000,6763240.000000,4712829.000,1.212e-03,0.0,0.0,0.0,0.0,0.0,0.0,0.0,0.0
0,egfet,4712829.00,4712829.000,5636180.000000,4593835.000,9.903e-04,1.250e-01,1.000e-01,1.000e+00,3.334e-01,0.000e+00,8.000e+00,8.000e+00,7.001e+00
