NetlID,Lib,SynClk,SimClk,Area,Delay,Power,ErrorRate,MRE,MED,NMED,MinError,MaxError,ErrorRange,Variance
-1,egfet,35338564.01,35133808.000,73885156.000000,35133808.000,4.135e-03,0.0,0.0,0.0,0.0,0.0,0.0,0.0,0.0
0,egfet,35338564.01,35133808.000,4114140.000000,5624326.500,1.793e-04,1.000e+00,1.099e+00,1.134e+03,3.779e+02,6.000e+00,3.066e+03,3.060e+03,5.670e+05
1,egfet,35338564.01,35133808.000,1975920.000000,5580120.000,6.491e-05,1.000e+00,1.048e+00,1.271e+03,4.235e+02,8.000e+00,3.326e+03,3.318e+03,6.912e+05
2,egfet,35338564.01,35133808.000,685260.000000,569809.000,3.022e-05,1.000e+00,1.120e+00,1.334e+03,4.448e+02,2.800e+01,3.438e+03,3.410e+03,7.361e+05
