NetlID,Lib,SynClk,SimClk,Area,Delay,Power,ErrorRate,MRE,MED,NMED,MinError,MaxError,ErrorRange,Variance
-1,egfet,35338564.01,35133808.0,73885156.0,35133808.0,0.004135,0.0,0.0,0.0,0.0,0.0,0.0,0.0,0.0
0,egfet,35338564.01,35133808.0,4114140.0,5624326.5,0.0001793,1.0,1.099,1134.0,377.9,6.0,3066.0,3060.0,567000.0
1,egfet,35338564.01,35133808.0,1975920.0,5580120.0,6.491e-05,1.0,1.048,1271.0,423.5,8.0,3326.0,3318.0,691200.0
2,egfet,35338564.01,35133808.0,685260.0,569809.0,3.022e-05,1.0,1.12,1334.0,444.8,28.0,3438.0,3410.0,736100.0
