NetlID,Lib,SynClk,SimClk,Area,Delay,Power,ErrorRate,MRE,MED,NMED,MinError,MaxError,ErrorRange,Variance
-1,fdsoi28,0.44,0.44,7424.326047,0.44,0.007844,0.0,0.0,0.0,0.0,0.0,0.0,0.0,0.0
1,fdsoi28,0.44,0.44,3629.569995,0.44,0.003548,0.9998,0.02133,0.07989,1.86e-11,0.0,32.38,32.38,0.2587
4,fdsoi28,0.44,0.44,3380.061991,0.439,0.003023,0.9999,0.03302,0.2035,4.739e-11,0.0,32.56,32.56,1.393
8,fdsoi28,0.44,0.44,3122.041994,0.44,0.002737,1.0,0.0594,0.7259,1.69e-10,0.0,70.7,70.7,2.891
9,fdsoi28,0.44,0.44,3058.46799,0.44,0.002535,1.0,0.06595,0.6112,1.423e-10,0.0,70.3,70.3,2.899
17,fdsoi28,0.44,0.44,2958.717987,0.44,0.002611,0.9999,0.5011,11.95,2.782e-09,0.0,119.5,119.5,413.8
