NetlID,Lib,SynClk,SimClk,Area,Delay,Power,ErrorRate,MRE,MED,NMED,MinError,MaxError,ErrorRange,Variance
-1,asap7,308.85,308.162,37.103183,308.162,4.289e-07,0.0,0.0,0.0,0.0,0.0,0.0,0.0,0.0
7,asap7,308.85,308.162,35.621856,308.783,4.049e-07,0.8417,0.02129,135.2,0.0001289,0.0,386.0,386.0,9966.0
8,asap7,308.85,308.162,35.026992,308.136,3.892e-07,0.9871,0.02136,140.0,0.0001335,0.0,434.0,434.0,8414.0
10,asap7,308.85,308.162,30.781296,308.665,3.275e-07,0.9892,0.02814,301.8,0.0002878,0.0,1294.0,1294.0,62110.0
11,asap7,308.85,308.162,28.261872,308.422,3.191e-07,0.9963,0.03137,318.0,0.0003033,0.0,1406.0,1406.0,67080.0
13,asap7,308.85,308.162,25.0776,308.431,2.905e-07,0.9946,0.07428,378.9,0.0003614,0.0,1160.0,1160.0,71800.0
17,asap7,308.85,308.162,23.328,308.627,2.726e-07,0.9976,0.08725,812.0,0.0007744,0.0,4858.0,4858.0,1353000.0
