CircuitName,Library,Synclk,Simclk,Area,Delay,Power,MED
add8u_0TP,asap7,0,41.632,1.341360,41.632,5.387e-08,0.000e+00
add8u_0TP,variability14,0,0.050,5.554176,0.050,2.659e-04,0.000e+00
add8u_0TP,fdsoi28,0,0.11,43.358000,0.013,4.185e-05,0.000e+00
add8u_0TP,nangate45,0,0.166,19.950000,0.166,1.588e-04,0.000e+00
add8u_0TP,variability14,1.065,1.065,3.047428,0.098,4.242e-06,0.000e+00
add8u_0TP,fdsoi28,1.43,1.43,11.172000,0.039,6.328e-07,0.000e+00
add8u_0TP,nangate45,2.0,2.0,11.172000,0.280,6.604e-06,0.000e+00
add8u_0TP,asap7,955,955,0.804816,95.481,2.180e-09,0.000e+00
