CircuitName,Library,Synclk,Simclk,Area,Delay,Power,MED
add8u_0TP,asap7,0,41.632,1.341360,41.632,5.387e-08,0.000e+00
add8u_0TP,variability14,0,0.050,5.554176,0.050,2.659e-04,0.000e+00
add8u_0TP,fdsoi28,0,0.11,43.358000,0.013,4.185e-05,0.000e+00
add8u_0TP,nangate45,0,0.166,19.950000,0.166,1.588e-04,0.000e+00
