CircuitName,Library,Synclk,Simclk,Area,Delay,Power,MED
add8u_1HG,asap7,0,90.297,5.038848,90.297,6.097e-08,0.000e+00
add8u_1HG,variability14,0,0.094,22.069248,0.094,4.217e-04,0.000e+00
add8u_1HG,fdsoi28,0,0.023,150.023999,0.023,4.080e-04,0.000e+00
add8u_1HG,nangate45,0,0.266,75.810000,0.266,2.837e-04,0.000e+00
