CircuitName,Library,Synclk,Simclk,Area,Delay,Power,MED
mul8u_4X5,asap7,0,369.282,31.364496,369.282,2.761e-08,0.000e+00
mul8u_4X5,variability14,0,0.394,147.554307,0.394,5.221e-05,0.000e+00
mul8u_4X5,fdsoi28,0,0.098,847.476009,0.098,2.320e-05,0.000e+00
mul8u_4X5,nangate45,0,1.014,533.595998,1.014,2.150e-05,0.000e+00
