CircuitName,Library,Synclk,Simclk,Area,Delay,Power,MED
add16u_0HE,asap7,0,90.100,6.193584,90.100,8.863e-08,0.000e+00
add16u_0HE,variability14,0,0.20,22.364161,0.105,2.038e-04,0.000e+00
add16u_0HE,fdsoi28,0,0.13,118.902000,0.030,7.068e-05,0.000e+00
add16u_0HE,nangate45,0,0.299,82.460000,0.299,3.466e-04,0.000e+00
