NetlID,Lib,SynClk,SimClk,Area,Delay,Power,ErrorRate,MRE,MED,NMED,MinError,MaxError,ErrorRange,Variance
8,egfet,6000000.0,6000000.0,5590880.0,5724282.0,0.000948,0.2502,0.06297,12.2,0.0,0.0,92.0,92.0,930.5
9,egfet,6000000.0,6000000.0,5590880.0,5724282.0,0.000948,0.2502,0.06297,12.2,0.0,0.0,92.0,92.0,930.5
