NetlID,Lib,SynClk,SimClk,Area,Delay,Power,ErrorRate,MRE,MED,NMED,MinError,MaxError,ErrorRange,Variance
-1,fdsoi28,0.0,0.1,1016.120008,0.097,0.00179,0.0,0.0,0.0,0.0,0.0,0.0,0.0,0.0
3,fdsoi28,0.0,0.1,0.0,0.0,0.0,1.0,0.4281,22360.0,5.206e-06,0.0,4295000000.0,4295000000.0,36890000000000.0
