CircuitName,Library,Synclk,Simclk,Area,Delay,Power,MED
add8u_6S4,asap7,0,72.259,5.295456,72.259,8.999e-08,0.000e+00
add8u_6S4,variability14,0,0.084,18.382848,0.084,3.831e-04,0.000e+00
add8u_6S4,fdsoi28,0,0.023,71.554000,0.023,2.106e-04,0.000e+00
add8u_6S4,nangate45,0,0.269,53.732000,0.269,2.133e-04,0.000e+00
