CircuitName,Library,Synclk,Simclk,Area,Delay,Power,MED
mul8u_GTR,asap7,0,347.681,25.952400,347.681,2.220e-08,0.000e+00
mul8u_GTR,variability14,0,0.367,124.403717,0.367,3.807e-05,0.000e+00
mul8u_GTR,fdsoi28,0,0.095,686.812007,0.095,1.157e-05,0.000e+00
mul8u_GTR,nangate45,0,0.981,446.347997,0.981,2.050e-05,0.000e+00
mul8u_GTR,asap7,0.955,347.681,25.952400,347.681,2.220e-08,0.000e+00
mul8u_GTR,variability14,1.065,1.065,60.604479,0.627,9.871e-06,0.000e+00
mul8u_GTR,fdsoi28,1.43,1.43,228.228001,0.225,1.391e-06,0.000e+00
mul8u_GTR,nangate45,2.0,2.0,228.228001,1.749,1.750e-05,0.000e+00
