NetlID,Lib,SynClk,SimClk,Area,Delay,Power,ErrorRate,MRE,MED,NMED,MinError,MaxError,ErrorRange,Variance
-1,egfet,3766201.00,3679084.750,7002090.000000,3679084.750,1.060e-03,0.0,0.0,0.0,0.0,0.0,0.0,0.0,0.0
-1,egfet,3766201.00,3679084.750,7002090.000000,3679084.750,1.060e-03,0.0,0.0,0.0,0.0,0.0,0.0,0.0,0.0
-1,egfet,4000000.00,3679084.750,7002090.000000,3679084.750,1.060e-03,0.0,0.0,0.0,0.0,0.0,0.0,0.0,0.0
-1,egfet,3766201.00,3779084.750,7002090.000000,3779084.750,1.060e-03,0.0,0.0,0.0,0.0,0.0,0.0,0.0,0.0
-1,egfet,3766201.00,3879084.750,7002090.000000,3879084.750,1.060e-03,0.0,0.0,0.0,0.0,0.0,0.0,0.0,0.0
-1,egfet,3766201.00,3979084.750,7002090.000000,3979084.750,1.060e-03,0.0,0.0,0.0,0.0,0.0,0.0,0.0,0.0
0,egfet,3766201.00,3979084.750,6382120.000000,4702200.500,1.106e-03,4.889e-01,9.890e-02,1.930e+01,0.000e+00,0.000e+00,1.280e+02,1.280e+02,1.320e+03
-1,egfet,4000000.00,4000000.0,7002090.000000,4000000.0,1.060e-03,0.0,0.0,0.0,0.0,0.0,0.0,0.0,0.0
0,egfet,4000000.00,4000000.0,6382120.000000,4702200.500,1.101e-03,4.889e-01,9.890e-02,1.930e+01,0.000e+00,0.000e+00,1.280e+02,1.280e+02,1.320e+03
