NetlID,Lib,SynClk,SimClk,Area,Delay,Power,ErrorRate,MRE,MED,NMED,MinError,MaxError,ErrorRange,Variance
-1,nangate45,0.9,0.9,531.733999,0.9,0.00132,0.0,0.0,0.0,0.0,0.0,0.0,0.0,0.0
0,nangate45,0.9,0.9,511.517999,0.922,0.001113,0.9998,8.265e-06,2957.0,6.885e-07,0.0,15650.0,15650.0,5414000.0
1,nangate45,0.9,0.9,317.869999,0.894,0.0007493,0.9997,8.622e-06,3109.0,7.239e-07,0.0,26680.0,26680.0,6725000.0
2,nangate45,0.9,0.9,313.613999,0.89,0.0007253,0.9997,8.554e-06,3121.0,7.267e-07,0.0,26540.0,26540.0,6756000.0
3,nangate45,0.9,0.9,280.896,0.888,0.0006635,0.9997,8.877e-06,3163.0,7.364e-07,0.0,26520.0,26520.0,8089000.0
5,nangate45,0.9,0.9,220.247999,0.886,0.0004923,0.9999,1.687e-05,5479.0,1.276e-06,0.0,27720.0,27720.0,16080000.0
9,nangate45,0.9,0.9,164.121999,0.699,0.0003964,0.9999,0.4281,19400.0,4.517e-06,0.0,4295000000.0,4295000000.0,36890000000000.0
10,nangate45,0.9,0.9,140.447999,0.793,0.0003673,0.9999,0.4281,21100.0,4.913e-06,0.0,4295000000.0,4295000000.0,36890000000000.0
14,nangate45,0.9,0.9,114.646,0.613,0.0002449,0.9999,0.4281,24080.0,5.607e-06,0.0,4295000000.0,4295000000.0,36890000000000.0
