NetlID,Lib,SynClk,SimClk,Area,Delay,Power,ErrorRate,MRE,MED,NMED,MinError,MaxError,ErrorRange,Variance
8,egfet,36833348.01,36277112.0,40399684.0,36583656.0,0.002158,0.9785,0.1046,183.8,0.0,0.0,608.0,608.0,17960.0
9,egfet,36833348.01,36277112.0,40399684.0,36583656.0,0.002158,0.9785,0.1046,183.8,0.0,0.0,608.0,608.0,17960.0
