NetlID,Lib,SynClk,SimClk,Area,Delay,Power,ErrorRate,MRE,MED,NMED,MinError,MaxError,ErrorRange,Variance
-1,variability14,0.34,0.34,142.54087,0.34,0.001125,0.0,0.0,0.0,0.0,0.0,0.0,0.0,0.0
0,variability14,0.34,0.34,78.643221,0.34,0.0006508,0.9999,5.643e-06,1889.0,4.398e-07,0.0,12380.0,12380.0,4840000.0
1,variability14,0.34,0.34,76.873757,0.339,0.0006119,0.9999,5.889e-06,2013.0,4.687e-07,0.0,14280.0,14280.0,4363000.0
2,variability14,0.34,0.34,74.317835,0.338,0.000636,0.9999,6.426e-06,2191.0,5.101e-07,0.0,10190.0,10190.0,1977000.0
3,variability14,0.34,0.34,50.429961,0.34,0.0004073,0.9999,6.61e-06,2268.0,5.281e-07,0.0,10030.0,10030.0,2259000.0
8,variability14,0.34,0.34,50.233362,0.317,0.0004532,0.9999,0.4281,21430.0,4.99e-06,0.0,4295000000.0,4295000000.0,36890000000000.0
9,variability14,0.34,0.34,31.703056,0.31,0.0002654,0.9999,0.4281,21700.0,5.052e-06,0.0,4295000000.0,4295000000.0,36890000000000.0
10,variability14,0.34,0.34,22.855688,0.269,0.0002402,0.9999,0.4281,21870.0,5.092e-06,0.0,4295000000.0,4295000000.0,36890000000000.0
14,variability14,0.34,0.34,22.118406,0.261,0.0002197,1.0,0.4281,28030.0,6.526e-06,0.0,4295000000.0,4295000000.0,36890000000000.0
