NetlID,Lib,SynClk,SimClk,Area,Delay,Power,ErrorRate,MRE,MED,NMED,MinError,MaxError,ErrorRange,Variance
-1,variability14,0.86,0.86,279.478317,0.86,0.001783,0.0,0.0,0.0,0.0,0.0,0.0,0.0,0.0
0,variability14,0.86,0.86,68.272147,0.726,0.0003228,0.5088,0.02324,207.2,0.003162,0.0,65450.0,65450.0,6104000.0
3,variability14,0.86,0.86,38.289409,0.766,0.0002077,0.8709,0.242,6372.0,0.09723,0.0,65390.0,65390.0,38820000.0
5,variability14,0.86,0.86,23.49466,0.536,0.0001033,0.9981,0.5225,9537.0,0.1455,0.0,49220.0,49220.0,46320000.0
8,variability14,0.86,0.86,20.398082,0.483,8.218e-05,0.9981,0.5519,9946.0,0.1518,0.0,49230.0,49230.0,55110000.0
10,variability14,0.86,0.86,15.138816,0.291,4.555e-05,0.8777,1.026,14610.0,0.2229,0.0,65310.0,65310.0,107200000.0
11,variability14,0.86,0.86,8.650752,0.262,2.973e-05,0.8776,1.026,14630.0,0.2232,0.0,65310.0,65310.0,107500000.0
13,variability14,0.86,0.86,3.145728,0.162,1.295e-05,1.0,0.9138,18160.0,0.2771,0.0,41840.0,41840.0,130200000.0
14,variability14,0.86,0.86,0.147456,0.003,3.023e-07,1.0,0.8004,19140.0,0.2921,0.0,42430.0,42430.0,163200000.0
