NetlID,Lib,SynClk,SimClk,Area,Delay,Power,ErrorRate,MRE,MED,NMED,MinError,MaxError,ErrorRange,Variance
-1,fdsoi28,0.22,0.22,1536.416011,0.22,0.001528,0.0,0.0,0.0,0.0,0.0,0.0,0.0,0.0
3,fdsoi28,0.22,0.22,522.423999,0.218,0.0003875,0.9888,0.9853,21230000.0,323.9,0.0,99610000.0,99610000.0,395200000000000.0
4,fdsoi28,0.22,0.22,464.967999,0.216,0.0002945,0.9889,0.986,21230000.0,323.9,0.0,99610000.0,99610000.0,395200000000000.0
7,fdsoi28,0.22,0.22,371.336001,0.212,0.000219,0.991,0.9863,21230000.0,323.9,0.0,99610000.0,99610000.0,395200000000000.0
8,fdsoi28,0.22,0.22,358.568001,0.211,0.0002113,0.9921,0.9864,21230000.0,323.9,0.0,99610000.0,99610000.0,395200000000000.0
16,fdsoi28,0.22,0.22,296.324,0.22,0.0001823,0.9942,0.991,21230000.0,323.9,0.0,99610000.0,99610000.0,395200000000000.0
