NetlID,Lib,SynClk,SimClk,Area,Delay,Power,ErrorRate,MRE,MED,NMED,MinError,MaxError,ErrorRange,Variance
7,egfet,2747741.5,2747741.5,563530.0,2113230.0,0.0002614,0.2536,0.07246,1.014,0.0,0.0,4.0,4.0,3.029
8,egfet,2747741.5,2747741.5,563530.0,2113230.0,0.0002614,0.2536,0.07246,1.014,0.0,0.0,4.0,4.0,3.029
9,egfet,2747741.5,2747741.5,563530.0,2113230.0,0.0002614,0.2536,0.07246,1.014,0.0,0.0,4.0,4.0,3.029
