NetlID,Lib,SynClk,SimClk,Area,Delay,Power,ErrorRate,MRE,MED,NMED,MinError,MaxError,ErrorRange,Variance
-1,nangate45,3.59,3.572,3991.063997,3.572,0.005324,0.0,0.0,0.0,0.0,0.0,0.0,0.0,0.0
0,nangate45,3.59,3.572,1742.034005,3.545,0.00198,1.0,0.001294,1610000.0,0.0003749,1.0,4286000000.0,4286000000.0,3350000000000000.0
8,nangate45,3.59,3.572,494.228002,3.558,0.0005823,1.0,0.00173,2286000.0,0.0005323,6.0,4287000000.0,4287000000.0,1272000000000000.0
10,nangate45,3.59,3.572,106.932001,2.011,0.0001103,1.0,0.0348,10400000.0,0.002421,16.0,4278000000.0,4278000000.0,1.944e+16
11,nangate45,3.59,3.572,105.070001,1.802,8.546e-05,0.5504,0.04006,13360000.0,0.003111,0.0,4286000000.0,4286000000.0,2.601e+16
13,nangate45,3.59,3.572,102.410001,1.835,8.984e-05,0.7106,0.04819,29470000.0,0.006862,0.0,4286000000.0,4286000000.0,6.375e+16
15,nangate45,3.59,3.572,94.696,1.55,7.829e-05,0.6438,0.1042,210400000.0,0.04899,0.0,4286000000.0,4286000000.0,4.401e+17
