NetlID,Lib,SynClk,SimClk,Area,Delay,Power,ErrorRate,MRE,MED,NMED,MinError,MaxError,ErrorRange,Variance
-1,asap7,830.53,829.072,67.417919,829.072,3.383e-07,0.0,0.0,0.0,0.0,0.0,0.0,0.0,0.0
-1,asap7,830.53,829.072,67.417919,829.072,3.383e-07,0.0,0.0,0.0,0.0,0.0,0.0,0.0,0.0
4,asap7,830.53,829.072,21.5784,828.761,8.602e-08,0.9885,0.9861,21230000.0,324.0,0.0,99610000.0,99610000.0,395700000000000.0
8,asap7,830.53,829.072,20.551968,807.348,8.058e-08,0.9884,0.9882,21230000.0,324.0,0.0,99610000.0,99610000.0,395700000000000.0
13,asap7,830.53,829.072,1.28304,158.355,3.958e-09,0.9908,0.9909,21230000.0,324.0,0.0,99610000.0,99610000.0,395700000000000.0
16,asap7,830.53,829.072,0.804816,84.813,2.649e-09,1.0,47330000.0,17240000000000.0,263100000.0,0.9998,41510000000000.0,41510000000000.0,1.2579999999999999e+26
17,asap7,830.53,829.072,0.664848,70.968,2.252e-09,1.0,48140000.0,17540000000000.0,267700000.0,0.01562,43430000000000.0,43430000000000.0,1.3109999999999998e+26
18,asap7,830.53,829.072,0.384912,43.454,1.259e-09,0.9998,1.201e+23,9.546e+24,1.457e+20,0.0,1.201e+29,1.201e+29,9.963000000000001e+53
19,asap7,830.53,829.072,0.104976,2.954,4.584e-11,1.0,1.027e+24,9.037000000000001e+28,1.379e+24,8.047e+28,1.003e+29,1.983e+28,9.808e+55
