CircuitName,Library,Synclk,Simclk,Area,Delay,Power,MED
mul8u_DG8,asap7,0,364.671,28.903392,364.671,2.415e-08,0.000e+00
mul8u_DG8,variability14,0,0.399,140.967941,0.399,5.938e-05,0.000e+00
mul8u_DG8,fdsoi28,0,0.104,752.780008,0.104,1.306e-05,0.000e+00
mul8u_DG8,nangate45,0,1.054,507.261997,1.054,1.987e-05,0.000e+00
mul8u_DG8,variability14,1.065,1.065,68.026447,0.594,1.198e-05,0.000e+00
mul8u_DG8,fdsoi28,1.43,1.43,250.838001,0.213,2.058e-06,0.000e+00
mul8u_DG8,nangate45,2.0,2.0,250.838001,1.546,2.383e-05,0.000e+00
mul8u_DG8,asap7,955,955,17.624304,738.487,1.231e-08,0.000e+00
