CircuitName,Library,Synclk,Simclk,Area,Delay,Power,MED
mul8u_ZB3,asap7,0,376.032,28.950048,376.032,2.453e-08,0.000e+00
mul8u_ZB3,variability14,0,0.388,151.928835,0.388,4.578e-05,0.000e+00
mul8u_ZB3,fdsoi28,0,0.103,799.596009,0.103,2.640e-05,0.000e+00
mul8u_ZB3,nangate45,0,0.972,611.267997,0.972,2.746e-05,0.000e+00
