CircuitName,Library,Synclk,Simclk,Area,Delay,Power,MED
add8u_6R6,asap7,0,55.312,1.877904,55.312,4.724e-08,0.000e+00
add8u_6R6,variability14,0,0.060,10.715136,0.060,4.196e-04,0.000e+00
add8u_6R6,fdsoi28,0,0.12,57.988000,0.015,3.610e-05,0.000e+00
add8u_6R6,nangate45,0,0.180,26.068000,0.180,1.893e-04,0.000e+00
