CircuitName,Library,Synclk,Simclk,Area,Delay,Power,MED
add8u_6R6,asap7,0,55.312,1.877904,55.312,4.724e-08,0.000e+00
add8u_6R6,variability14,0,0.060,10.715136,0.060,4.196e-04,0.000e+00
add8u_6R6,fdsoi28,0,0.12,57.988000,0.015,3.610e-05,0.000e+00
add8u_6R6,nangate45,0,0.180,26.068000,0.180,1.893e-04,0.000e+00
add8u_6R6,variability14,1.065,1.065,3.686406,0.110,4.154e-06,0.000e+00
add8u_6R6,fdsoi28,1.43,1.43,13.300000,0.044,4.596e-07,0.000e+00
add8u_6R6,nangate45,2.0,2.0,13.300000,0.327,6.081e-06,0.000e+00
add8u_6R6,asap7,955,955,0.979776,102.162,2.375e-09,0.000e+00
