NetlID,Lib,SynClk,SimClk,Area,Delay,Power,ErrorRate,MRE,MED,NMED,MinError,MaxError,ErrorRange,Variance
-1,egfet,36943168.01,34749392.0,59550835.0,34749392.0,0.003416,0.0,0.0,0.0,0.0,0.0,0.0,0.0,0.0
4,egfet,36943168.01,34749392.0,4716550.0,10332910.0,0.0002096,1.0,0.3522,383.3,127.8,16.0,3842.0,3826.0,588000.0
5,egfet,36943168.01,34749392.0,3806770.0,10332910.0,0.0001617,1.0,0.3531,383.9,128.0,14.0,3836.0,3822.0,586800.0
9,egfet,36943168.01,34749392.0,563530.0,2113230.0,3.896e-05,0.9842,1.171,952.2,317.4,0.0,3092.0,3092.0,922700.0
10,egfet,36943168.01,34749392.0,563530.0,2113230.0,3.896e-05,0.9842,1.171,952.2,317.4,0.0,3092.0,3092.0,922700.0
11,egfet,36943168.01,34749392.0,563530.0,2113230.0,3.896e-05,0.9842,1.171,952.2,317.4,0.0,3092.0,3092.0,922700.0
