NetlID,Lib,SynClk,SimClk,Area,Delay,Power,ErrorRate,MRE,MED,NMED,MinError,MaxError,ErrorRange,Variance
-1,egfet,38497120.01,37279084.000,95510996.000000,37279084.000,5.529e-03,0.0,0.0,0.0,0.0,0.0,0.0,0.0,0.0
0,egfet,38497120.01,37279084.000,19230540.000000,20610334.000,1.028e-03,1.000e+00,4.083e-01,6.947e+02,2.316e+02,4.000e+00,2.116e+03,2.112e+03,2.379e+05
1,egfet,38497120.01,37279084.000,19269260.000000,10332910.000,9.613e-04,9.962e-01,3.731e-01,7.117e+02,2.372e+02,0.000e+00,2.632e+03,2.632e+03,2.930e+05
2,egfet,38497120.01,37279084.000,4380620.000000,12123620.000,2.214e-04,1.000e+00,1.327e+00,2.194e+03,7.313e+02,6.000e+00,6.232e+03,6.226e+03,4.030e+06
3,egfet,38497120.01,37279084.000,627920.000000,1150710.000,4.100e-05,9.962e-01,1.577e+00,2.276e+03,7.586e+02,0.000e+00,6.408e+03,6.408e+03,2.525e+06
4,egfet,38497120.01,37279084.000,627920.000000,1150710.000,4.100e-05,1.000e+00,1.649e+00,2.361e+03,7.870e+02,8.000e+00,7.128e+03,7.120e+03,3.088e+06
5,egfet,38497120.01,37279084.000,627920.000000,1150710.000,4.100e-05,9.961e-01,1.638e+00,3.301e+03,1.100e+03,0.000e+00,7.512e+03,7.512e+03,4.291e+06
6,egfet,38497120.01,37279084.000,228420.000000,569809.000,1.009e-05,1.000e+00,3.163e+00,3.420e+03,1.140e+03,2.600e+01,8.368e+03,8.342e+03,5.790e+06
7,egfet,38497120.01,37279084.000,228420.000000,569809.000,1.009e-05,1.000e+00,3.371e+00,5.072e+03,1.691e+03,1.600e+01,1.258e+04,1.256e+04,1.124e+07
