NetlID,Lib,SynClk,SimClk,Area,Delay,Power,ErrorRate,MRE,MED,NMED,MinError,MaxError,ErrorRange,Variance
-1,egfet,38497120.01,37279084.0,95510996.0,37279084.0,0.005529,0.0,0.0,0.0,0.0,0.0,0.0,0.0,0.0
0,egfet,38497120.01,37279084.0,19230540.0,20610334.0,0.001028,1.0,0.4083,694.7,231.6,4.0,2116.0,2112.0,237900.0
2,egfet,38497120.01,37279084.0,4380620.0,12123620.0,0.0002214,1.0,1.327,2194.0,731.3,6.0,6232.0,6226.0,4030000.0
3,egfet,38497120.01,37279084.0,627920.0,1150710.0,4.1e-05,0.9962,1.577,2276.0,758.6,0.0,6408.0,6408.0,2525000.0
6,egfet,38497120.01,37279084.0,228420.0,569809.0,1.009e-05,1.0,3.163,3420.0,1140.0,26.0,8368.0,8342.0,5790000.0
