NetlID,Lib,SynClk,SimClk,Area,Delay,Power,ErrorRate,MRE,MED,NMED,MinError,MaxError,ErrorRange,Variance
-1,asap7,1176.64,1174.655,275.153756,1174.655,1.621e-06,0.0,0.0,0.0,0.0,0.0,0.0,0.0,0.0
0,asap7,1176.64,1174.655,138.556654,1173.698,7.858e-07,1.0,0.001824,2416000.0,0.0005625,4.0,4287000000.0,4287000000.0,3435000000000000.0
3,asap7,1176.64,1174.655,96.227998,1165.675,5.305e-07,1.0,0.01563,21600000.0,0.005029,7.0,4290000000.0,4290000000.0,1.843e+16
8,asap7,1176.64,1174.655,15.606432,1169.92,6.985e-08,0.6003,0.04001,56010000.0,0.01304,0.0,4290000000.0,4290000000.0,7.552e+16
9,asap7,1176.64,1174.655,10.579248,1139.623,3.528e-08,0.7367,0.0621,72500000.0,0.01688,0.0,4290000000.0,4290000000.0,8.09e+16
13,asap7,1176.64,1174.655,1.854576,256.933,4.43e-09,0.9996,0.9684,1215000000.0,0.2829,0.0,2491000000.0,2491000000.0,3.81e+17
15,asap7,1176.64,1174.655,1.656288,263.582,4.359e-09,0.9997,0.9683,1215000000.0,0.2829,0.0,2491000000.0,2491000000.0,3.819e+17
