CircuitName,Library,Synclk,Simclk,Area,Delay,Power,MED
add16u_0P8,asap7,0,90.049,8.911296,90.049,1.290e-07,0.000e+00
add16u_0P8,variability14,0,0.108,27.770881,0.108,4.662e-04,0.000e+00
add16u_0P8,fdsoi28,0,0.13,184.337999,0.026,1.073e-04,0.000e+00
add16u_0P8,nangate45,0,0.339,88.312000,0.339,3.317e-04,0.000e+00
