CircuitName,Library,Synclk,Simclk,Area,Delay,Power,MED
add8u_6P8,asap7,0,69.067,3.814128,69.067,5.708e-08,0.000e+00
add8u_6P8,variability14,0,0.081,15.728640,0.081,3.305e-04,0.000e+00
add8u_6P8,fdsoi28,0,0.022,94.430000,0.022,3.111e-04,0.000e+00
add8u_6P8,nangate45,0,0.234,50.540000,0.234,2.351e-04,0.000e+00
add8u_6P8,asap7,0.955,69.067,3.814128,69.067,5.708e-08,0.000e+00
add8u_6P8,variability14,1.065,1.065,7.176202,0.196,6.207e-06,0.000e+00
add8u_6P8,fdsoi28,1.43,1.43,26.068000,0.074,5.602e-07,0.000e+00
add8u_6P8,nangate45,2.0,2.0,26.068000,0.538,7.333e-06,0.000e+00
