NetlID,Lib,SynClk,SimClk,Area,Delay,Power,ErrorRate,MRE,MED,NMED,MinError,MaxError
-1,nangate45,0.0,0.87,564.983999,0.869,1.398e-03,0.0,0.0,0.0,0.0,0.0,0.0
0,nangate45,0.87,413.629999,0.676,8.958e-04,9.562e-01,1.210e+12,8.831e+27,2.056e+18,98304,11101111111111000777551438151680
