N,Area,Delay,Power,ErrorRate,MRE,MED,NMED,MinError,MaxError
-1,396.605999,0.791,1.323e-03,0.0,0.0,0.0,0.0,0.0,0.0
0,524.817998,0.761,1.876e-03,8.942e-01,1.051e-02,2.100e+01,3.204e-04,4,76
