NetlID,Lib,SynClk,SimClk,Area,Delay,Power,ErrorRate,MRE,MED,NMED,MinError,MaxError,ErrorRange,Variance
-1,egfet,4712829.0,4712829.0,6763240.0,4712829.0,0.001211,0.0,0.0,0.0,0.0,0.0,0.0,0.0,0.0
0,egfet,4712829.0,4712829.0,5171040.0,4447996.5,0.0008501,0.1247,0.02494,0.4988,0.1663,0.0,4.0,4.0,1.746
3,egfet,4712829.0,4712829.0,4694760.0,4447629.0,0.0008258,0.75,0.1034,1.999,0.6665,0.0,4.0,4.0,1.999
14,egfet,4712829.0,4712829.0,2033420.0,4191801.0,0.000354,0.7502,0.2917,5.007,1.669,0.0,12.0,12.0,17.02
15,egfet,4712829.0,4712829.0,1557140.0,4191801.0,0.0003358,0.8747,0.2917,6.998,2.333,0.0,16.0,16.0,24.98
16,egfet,4712829.0,4712829.0,1557140.0,4191801.0,0.0003358,0.8747,0.2917,6.998,2.333,0.0,16.0,16.0,24.98
17,egfet,4712829.0,4712829.0,1557140.0,4191801.0,0.0003358,0.8747,0.2917,6.998,2.333,0.0,16.0,16.0,24.98
18,egfet,4712829.0,4712829.0,1557140.0,4191801.0,0.0003358,0.8747,0.2917,6.998,2.333,0.0,16.0,16.0,24.98
19,egfet,4712829.0,4712829.0,1557140.0,4191801.0,0.0003358,0.8747,0.2917,6.998,2.333,0.0,16.0,16.0,24.98
