CircuitName,Library,Synclk,Simclk,Area,Delay,Power,MED
mul8u_17MJ,asap7,0,35.121,0.839808,35.121,1.303e-08,0.000e+00
mul8u_17MJ,variability14,0,0.040,2.998272,0.040,9.677e-05,0.000e+00
mul8u_17MJ,fdsoi28,0,0.007,11.172000,0.007,5.271e-05,0.000e+00
mul8u_17MJ,nangate45,0,0.102,9.842000,0.102,2.621e-07,0.000e+00
mul8u_17MJ,asap7,0.955,35.121,0.839808,35.121,1.303e-08,0.000e+00
mul8u_17MJ,variability14,1.065,1.065,1.671168,0.043,6.886e-07,0.000e+00
mul8u_17MJ,fdsoi28,1.43,1.43,6.384000,0.014,1.375e-08,0.000e+00
mul8u_17MJ,nangate45,2.0,2.0,6.384000,0.172,1.288e-07,0.000e+00
