NetlID,Lib,SynClk,SimClk,Area,Delay,Power,ErrorRate,MRE,MED,NMED,MinError,MaxError,ErrorRange,Variance
2,egfet,2747741.5,2747741.5,563530.0,2113230.0,0.0002601,0.2494,0.03325,0.9976,0.0,0.0,4.0,4.0,2.995
3,egfet,2747741.5,2747741.5,563530.0,2113230.0,0.0002601,0.2494,0.03325,0.9976,0.0,0.0,4.0,4.0,2.995
4,egfet,2747741.5,2747741.5,563530.0,2113230.0,0.0002601,0.2494,0.03325,0.9976,0.0,0.0,4.0,4.0,2.995
5,egfet,2747741.5,2747741.5,563530.0,2113230.0,0.0002601,0.2494,0.03325,0.9976,0.0,0.0,4.0,4.0,2.995
6,egfet,2747741.5,2747741.5,563530.0,2113230.0,0.0002601,0.2494,0.03325,0.9976,0.0,0.0,4.0,4.0,2.995
7,egfet,2747741.5,2747741.5,563530.0,2113230.0,0.0002601,0.2494,0.03325,0.9976,0.0,0.0,4.0,4.0,2.995
8,egfet,2747741.5,2747741.5,563530.0,2113230.0,0.0002601,0.2494,0.03325,0.9976,0.0,0.0,4.0,4.0,2.995
9,egfet,2747741.5,2747741.5,563530.0,2113230.0,0.0002601,0.2494,0.03325,0.9976,0.0,0.0,4.0,4.0,2.995
