CircuitName,Library,Synclk,Simclk,Area,Delay,Power,MED
add8u_6PT,asap7,0,79.435,4.793904,79.435,6.253e-08,0.000e+00
add8u_6PT,variability14,0,0.090,21.381120,0.090,4.717e-04,0.000e+00
add8u_6PT,fdsoi28,0,0.023,100.548000,0.023,3.242e-04,0.000e+00
add8u_6PT,nangate45,0,0.266,59.584000,0.266,2.165e-04,0.000e+00
add8u_6PT,variability14,1.065,1.065,8.060940,0.228,6.362e-06,0.000e+00
add8u_6PT,fdsoi28,1.43,1.43,29.260000,0.087,4.652e-07,0.000e+00
add8u_6PT,nangate45,2.0,2.0,29.260000,0.630,7.768e-06,0.000e+00
add8u_6PT,asap7,955,955,2.146176,241.853,3.923e-09,0.000e+00
