CircuitName,Library,Synclk,Simclk,Area,Delay,Power,MED
add8u_6PT,asap7,0,79.435,4.793904,79.435,6.253e-08,0.000e+00
add8u_6PT,variability14,0,0.090,21.381120,0.090,4.717e-04,0.000e+00
add8u_6PT,fdsoi28,0,0.023,100.548000,0.023,3.242e-04,0.000e+00
add8u_6PT,nangate45,0,0.266,59.584000,0.266,2.165e-04,0.000e+00
