CircuitName,Library,Synclk,Simclk,Area,Delay,Power,MED
add8u_02Y,asap7,0,17.409,0.373248,17.409,2.185e-08,0.000e+00
add8u_02Y,variability14,0,0.12,0.737280,0.020,9.679e-06,0.000e+00
add8u_02Y,variability14,1.065,1.065,0.688128,0.023,9.619e-07,0.000e+00
add8u_02Y,fdsoi28,1.43,1.43,2.926000,0.009,1.386e-07,0.000e+00
add8u_02Y,nangate45,2.0,2.0,2.926000,0.108,1.507e-06,0.000e+00
add8u_02Y,asap7,955,955,0.221616,33.180,2.301e-10,0.000e+00
add8u_02Y,saed14,1.065,1.065,1.554000,0.038,1.398e-07,0.000e+00
add8u_02Y,saed32,1.43,1.43,5.337024,0.036,2.170e-07,0.000e+00
