NetlID,Lib,SynClk,SimClk,Area,Delay,Power,ErrorRate,MRE,MED,NMED,MinError,MaxError,ErrorRange,Variance
-1,asap7,1176.64,1174.655,275.153756,1174.655,1.621e-06,0.0,0.0,0.0,0.0,0.0,0.0,0.0,0.0
0,asap7,1176.64,1174.655,198.964509,1174.291,1.165e-06,0.436,5.007e-05,51060.0,1.189e-05,0.0,2147000000.0,2147000000.0,13960000000000.0
1,asap7,1176.64,1174.655,180.512061,1173.612,1.088e-06,0.4364,6.946e-05,86050.0,2.004e-05,0.0,4287000000.0,4287000000.0,115000000000000.0
2,asap7,1176.64,1174.655,147.234669,1174.213,8.8e-07,0.4363,0.0002103,100400.0,2.338e-05,0.0,4287000000.0,4287000000.0,133400000000000.0
5,asap7,1176.64,1174.655,140.912782,1174.931,8.516e-07,0.4179,0.0005697,665600.0,0.000155,0.0,4287000000.0,4287000000.0,1154000000000000.0
