CircuitName,Library,Synclk,Simclk,Area,Delay,Power,MED
add16u_07T,asap7,0,74.171,5.038848,74.171,8.856e-08,0.000e+00
add16u_07T,variability14,0,0.18,20.299776,0.080,2.058e-04,0.000e+00
add16u_07T,fdsoi28,0,0.12,105.070000,0.023,7.776e-05,0.000e+00
add16u_07T,nangate45,0,0.242,70.224000,0.242,3.716e-04,0.000e+00
add16u_07T,variability14,1.065,1.065,7.274508,0.207,7.096e-06,0.000e+00
add16u_07T,fdsoi28,1.43,1.43,26.334000,0.082,8.170e-07,0.000e+00
add16u_07T,nangate45,2.0,2.0,26.334000,0.606,1.054e-05,0.000e+00
add16u_07T,asap7,955,955,2.076192,198.094,4.131e-09,0.000e+00
