NetlID,Lib,SynClk,SimClk,Area,Delay,Power,ErrorRate,MRE,MED,NMED,MinError,MaxError,ErrorRange
-1,variability14,0.0,0.34,155.61531,0.343,0.001258,0.0,0.0,0.0,0.0,0.0,0.0,0.0
0,variability14,0.0,0.34,151.879687,0.32,0.001323,0.9983,1.613e-06,434.4,1.011e-07,0.0,1344.0,1344.0
1,variability14,0.0,0.34,118.800388,0.282,0.00114,0.9988,1.602e-06,421.9,9.822e-08,0.0,1470.0,1470.0
5,variability14,0.0,0.34,119.635973,0.241,0.0009768,0.9995,5.134e-06,878.6,2.046e-07,0.0,2608.0,2608.0
