CircuitName,Library,Synclk,Simclk,Area,Delay,Power,MED
add16u_126,asap7,0,97.735,8.946288,97.735,9.845e-08,0.000e+00
add16u_126,variability14,0,0.113,32.833537,0.113,5.159e-04,0.000e+00
add16u_126,fdsoi28,0,0.029,164.388000,0.029,4.216e-04,0.000e+00
add16u_126,nangate45,0,0.345,117.306000,0.345,3.649e-04,0.000e+00
add16u_126,asap7,0.955,97.735,8.946288,97.735,9.845e-08,0.000e+00
add16u_126,variability14,1.065,1.065,13.271061,0.385,8.893e-06,0.000e+00
add16u_126,fdsoi28,1.43,1.43,47.880000,0.151,5.159e-07,0.000e+00
add16u_126,nangate45,2.0,2.0,47.880000,1.094,1.089e-05,0.000e+00
